LTLACode,2019-03,2019-06,2019-09,2019-12,2020-03,2020-06,2020-09,2020-12,2021-03,2021-06,2021-09,2021-12,2022-03
E06000001,"149,738","151,787","153,037","151,388","148,919","148,503","149,408","153,946","159,147","168,502","166,689","161,163","159,296"
E06000002,"146,122","144,606","148,387","150,111","150,845","149,458","146,998","149,376","156,548","157,875","158,594","153,768","147,482"
E06000003,"145,338","144,900","144,323","147,641","148,847","149,241","151,448","150,485","154,792","157,038","159,462","158,323","157,086"
E06000004,"171,112","171,784","171,845","175,828","177,701","176,994","178,530","181,063","186,399","188,827","187,956","182,734","176,787"
E06000005,"163,057","164,232","166,053","169,035","171,095","169,818","170,774","175,355","178,228","184,363","182,935","175,900","173,280"
E06000047,"136,244","138,662","140,296","141,238","142,582","141,117","141,994","145,712","150,067","155,124","155,009","153,531","152,404"
E06000057,"202,599","202,282","200,766","201,433","202,808","204,604","210,492","222,389","230,885","241,705","240,346","236,033","232,237"
E08000021,"192,845","192,918","198,555","198,487","198,706","199,918","202,622","210,438","223,529","229,231","224,632","222,997","216,832"
E08000022,"194,534","194,629","196,461","197,809","199,067","196,735","196,585","201,142","206,064","210,130","208,686","204,595","200,864"
E08000023,"155,339","158,225","156,773","157,362","158,987","154,871","155,974","162,075","168,778","175,239","174,692","169,230","166,569"
E08000024,"142,608","142,121","143,015","144,050","143,546","142,673","144,481","147,003","155,064","159,504","159,921","158,007","154,900"
E08000037,"156,223","156,290","158,500","157,549","160,162","159,513","162,360","167,244","173,073","176,281","174,820","170,988","164,209"
E06000006,"165,187","167,857","170,444","171,365","170,832","168,976","171,561","175,603","183,222","190,365","193,941","192,216","191,325"
E06000007,"221,099","225,933","227,634","230,032","235,513","235,178","238,051","247,795","258,459","267,402","266,641","269,210","264,887"
E06000008,"141,952","144,125","145,142","146,528","147,029","144,760","145,644","153,850","158,698","162,704","164,613","157,483","155,786"
E06000009,"120,457","122,049","123,440","124,834","126,341","126,695","126,252","127,596","130,668","133,430","137,350","138,872","139,839"
E06000049,"287,198","288,166","290,770","292,098","293,815","291,488","294,115","309,026","324,608","338,054","332,208","330,352","324,792"
E06000050,"237,847","239,190","241,091","242,678","245,960","246,897","251,502","261,616","275,202","284,802","281,710","283,570","278,830"
E07000026,"190,450","190,687","192,355","191,291","191,884","193,521","189,719","201,878","211,162","213,678","209,011","200,177","192,983"
E07000027,"147,203","146,275","147,899","148,729","146,868","147,405","146,887","150,692","161,958","163,221","164,201","161,261","156,654"
E07000028,"165,853","165,075","164,353","164,321","163,311","164,985","166,084","173,437","179,636","180,842","180,462","175,927","171,758"
E07000029,"143,550","141,759","142,476","145,125","147,529","149,643","153,127","154,299","159,045","163,802","164,589","162,472","158,372"
E07000030,"228,596","228,077","230,468","233,708","235,839","235,796","234,887","243,772","251,413","260,177","261,647","262,233","263,263"
E07000031,"258,822","266,257","274,986","279,221","288,149","285,954","285,335","297,594","307,171","319,175","316,070","314,429","313,187"
E07000117,"106,328","107,479","108,239","110,656","114,375","114,594","117,579","122,546","126,190","130,694","133,770","133,377","134,090"
E07000118,"197,520","198,918","202,347","204,582","204,809","203,290","205,391","214,626","221,411","229,002","228,268","224,326","223,877"
E07000119,"225,490","227,487","226,951","226,454","230,015","229,627","233,797","249,400","255,452","264,860","257,840","253,924","250,505"
E07000120,"114,648","114,779","116,500","120,652","122,419","122,838","122,874","122,539","125,066","129,474","134,225","135,207","137,197"
E07000121,"178,915","180,666","180,798","184,067","186,346","187,318","191,834","198,530","209,966","214,622","213,378","211,767","206,355"
E07000122,"127,419","130,093","131,778","132,858","137,086","136,064","138,567","144,103","156,296","164,934","167,646","163,324","157,665"
E07000123,"169,245","171,085","174,250","176,399","175,858","174,397","175,758","180,484","189,643","193,174","193,148","188,379","182,907"
E07000124,"252,901","256,769","258,783","267,145","267,794","267,614","269,059","274,472","280,771","290,736","291,920","289,510","290,094"
E07000125,"165,992","165,311","165,288","161,171","161,876","164,024","168,734","178,948","191,823","198,474","200,904","201,087","196,710"
E07000126,"183,179","184,233","185,712","184,572","187,322","189,375","192,899","202,455","205,209","209,499","210,737","207,670","206,648"
E07000127,"223,697","223,103","219,466","218,870","217,132","219,883","220,698","230,981","245,280","250,536","250,177","244,581","237,101"
E07000128,"178,567","180,830","183,260","185,692","189,052","189,304","191,956","196,880","203,872","210,601","210,000","206,761","203,885"
E08000001,"161,119","162,163","161,747","163,396","166,422","166,982","168,930","175,368","183,088","191,956","196,943","196,902","196,904"
E08000002,"195,995","196,727","198,052","200,675","200,102","201,918","202,388","213,053","224,451","234,794","238,504","236,914","237,233"
E08000003,"207,429","210,674","211,897","213,076","218,594","219,733","225,014","235,525","245,014","252,122","254,437","254,656","250,518"
E08000004,"154,174","154,076","156,087","158,901","160,774","163,669","164,453","175,955","189,563","195,461","199,885","197,201","195,070"
E08000005,"152,781","153,970","157,187","160,185","161,594","163,459","167,068","172,395","181,253","189,396","192,006","190,246","189,901"
E08000006,"182,482","181,273","185,746","193,659","196,828","202,234","206,662","212,011","218,703","225,808","226,883","228,002","228,308"
E08000007,"264,439","264,396","263,817","263,949","265,238","264,422","269,265","284,944","298,473","313,494","313,984","311,865","311,485"
E08000008,"159,873","162,163","163,558","166,600","168,582","168,705","172,428","179,182","186,202","191,969","194,268","195,157","196,841"
E08000009,"318,741","329,459","329,942","331,446","342,090","343,795","347,670","359,564","379,721","390,719","392,090","391,954","392,279"
E08000010,"156,857","160,856","160,590","162,241","163,956","161,568","165,833","170,339","173,849","178,657","181,182","179,953","179,690"
E08000011,"151,072","153,576","157,350","160,190","162,464","163,182","164,991","168,253","170,190","172,681","174,078","174,299","175,656"
E08000012,"150,162","150,597","150,891","152,042","153,558","155,016","158,635","168,559","180,392","189,753","191,159","189,245","187,992"
E08000013,"148,381","150,852","153,396","154,964","156,063","156,826","159,367","161,805","168,614","173,523","180,233","179,005","177,824"
E08000014,"193,915","195,432","199,717","204,134","204,216","205,072","205,227","214,051","225,347","233,247","234,461","229,738","228,190"
E08000015,"191,069","192,189","194,711","195,194","194,355","194,165","198,553","207,876","226,147","237,665","237,141","237,122","234,746"
E06000010,"123,273","125,112","127,813","127,573","129,424","129,103","131,187","132,970","135,117","137,765","136,721","135,566","134,917"
E06000011,"208,265","210,655","212,249","214,534","216,230","216,275","219,804","231,822","241,597","245,955","243,247","237,076","232,290"
E06000012,"144,857","146,750","147,131","147,652","150,104","151,402","153,709","161,499","166,990","168,050","167,890","163,869","160,327"
E06000013,"161,805","162,719","163,658","164,178","165,505","165,986","168,441","176,791","182,755","190,135","191,539","187,843","186,833"
E06000014,"276,474","275,270","276,598","280,256","281,944","286,310","290,532","298,446","311,543","317,723","317,404","323,683","321,628"
E07000163,"246,396","258,149","259,265","264,936","263,331","260,023","268,497","277,248","281,812","290,225","283,261","279,672","283,352"
E07000164,"258,506","260,925","262,447","269,199","271,293","274,266","275,298","292,588","312,407","318,761","317,070","314,834","303,498"
E07000165,"330,544","333,973","333,713","353,083","356,087","356,410","359,509","360,388","381,586","393,341","385,326","384,013","375,031"
E07000166,"239,062","243,809","241,731","240,591","241,462","239,868","242,711","259,838","266,346","281,469","280,397","279,071","279,085"
E07000167,"265,783","267,176","262,254","259,517","261,423","267,229","269,577","290,808","301,536","304,319","306,127","305,678","303,507"
E07000168,"176,653","178,965","180,057","181,068","183,588","182,802","187,916","196,493","202,964","209,024","209,917","207,818","209,343"
E07000169,"231,820","231,621","230,614","231,691","233,287","230,382","234,648","245,044","254,031","258,368","257,535","255,442","252,349"
E08000016,"151,643","153,610","153,062","155,655","155,513","153,476","155,759","158,617","167,682","172,067","172,611","170,234","165,675"
E08000017,"149,862","150,461","152,445","153,715","155,668","155,765","159,145","162,637","170,601","177,474","177,779","177,279","175,030"
E08000018,"157,386","159,282","159,657","161,059","163,394","162,208","162,953","169,204","177,249","184,940","188,440","187,551","185,075"
E08000019,"196,994","195,068","195,707","199,184","201,407","205,418","208,223","209,034","221,753","228,750","229,712","233,447","226,762"
E08000032,"169,152","170,658","170,383","171,544","172,913","170,798","174,301","181,518","190,059","196,548","194,991","192,142","189,456"
E08000033,"171,042","171,370","173,367","175,647","174,417","174,727","176,569","181,687","190,366","198,775","199,265","196,973","196,788"
E08000034,"181,641","181,959","184,779","187,024","188,383","188,110","188,980","196,513","206,255","215,444","214,722","211,887","208,026"
E08000035,"212,864","213,424","214,162","218,603","222,153","224,804","230,143","238,897","250,634","259,362","258,148","259,148","254,950"
E08000036,"172,726","173,520","175,260","176,272","178,675","177,262","177,780","182,333","189,078","199,656","201,868","201,369","200,525"
E06000015,"181,029","185,841","186,193","189,973","190,646","189,030","191,026","195,930","205,778","211,200","211,067","209,789","207,734"
E06000016,"192,005","195,552","197,671","196,995","200,857","199,537","202,564","212,048","222,784","232,905","232,973","234,215","234,392"
E06000017,"328,171","330,269","325,103","335,698","341,893","346,449","363,372","377,374","404,897","413,243","402,290","388,270","362,999"
E06000018,"166,114","167,554","167,307","165,917","167,518","169,467","175,833","185,888","193,958","199,705","203,595","201,700","200,236"
E07000032,"204,662","207,323","210,292","211,935","214,305","214,300","215,046","223,864","236,445","246,568","247,383","242,410","236,027"
E07000033,"147,862","149,862","150,114","151,454","152,074","150,789","152,897","159,789","168,946","172,068","175,042","173,562","167,801"
E07000034,"179,738","179,714","181,337","182,174","184,250","185,226","189,501","196,957","203,488","209,144","209,218","206,472","204,653"
E07000035,"300,896","311,284","314,098","310,728","312,824","307,163","311,045","327,066","339,365","344,777","344,890","346,040","342,583"
E07000036,"181,521","184,040","180,720","180,003","182,086","183,349","189,084","194,842","203,425","212,385","214,589","217,676","217,626"
E07000037,"223,448","223,603","224,399","222,073","224,695","225,137","231,555","242,244","254,857","260,053","260,308","257,439","250,588"
E07000038,"209,607","212,023","212,846","215,088","214,652","215,856","224,151","234,918","243,563","251,005","247,670","244,195","244,107"
E07000039,"236,876","238,170","239,882","240,130","240,021","238,072","238,892","243,856","248,377","252,388","251,912","250,850","247,624"
E07000129,"246,750","245,457","242,973","243,812","246,057","248,891","253,945","260,358","266,398","275,497","276,759","277,755","281,328"
E07000130,"244,948","248,071","251,203","252,852","253,399","251,324","255,718","263,909","277,025","281,252","279,702","277,644","271,597"
E07000131,"324,457","329,433","333,439","328,626","325,147","322,645","329,444","344,889","355,921","362,595","358,067","356,537","352,478"
E07000132,"236,605","234,497","232,847","230,975","231,021","230,755","239,906","249,546","259,356","266,348","263,068","265,699","265,455"
E07000133,"260,001","261,066","257,094","260,463","258,212","259,834","264,702","284,453","298,817","308,905","312,608","308,279","305,657"
E07000134,"236,219","234,086","234,999","241,553","244,421","248,818","251,426","256,744","264,466","271,091","271,672","269,732","268,159"
E07000135,"228,994","235,019","238,074","251,481","258,903","259,106","265,924","264,157","273,794","279,080","278,208","276,473","270,791"
E07000136,"174,269","178,172","180,597","185,787","184,342","182,723","183,466","184,323","194,957","203,060","205,309","206,453","202,570"
E07000137,"190,013","190,985","192,544","196,683","196,437","197,927","199,888","206,504","216,659","223,590","225,331","227,113","225,740"
E07000138,"169,455","173,096","173,980","173,798","173,594","174,553","176,190","185,203","189,523","197,964","199,866","197,881","199,376"
E07000139,"216,903","219,244","221,038","221,067","221,931","222,965","230,538","242,457","253,183","259,230","258,583","255,803","254,136"
E07000140,"199,681","202,715","201,559","204,330","206,603","205,886","209,451","214,892","224,407","232,245","236,253","239,245","241,542"
E07000141,"247,122","247,907","246,849","249,078","250,607","253,031","255,009","260,077","270,611","279,731","278,422","277,767","276,171"
E07000142,"197,042","198,705","199,664","201,249","206,322","207,450","210,497","221,472","229,907","240,721","239,355","240,089","238,831"
E06000061 ,"236,439","237,009","237,035","238,549","238,115","238,721","241,998","251,731","263,887","269,335","269,299","269,355","266,666"
E06000062 ,"280,708","278,889","279,339","279,347","280,286","279,214","279,536","288,827","302,089","310,404","312,979","311,128","308,240"
E07000170,"158,774","158,892","161,425","159,562","160,181","160,298","158,307","167,576","175,982","181,518","187,042","186,899","185,830"
E07000171,"184,348","185,432","185,690","188,641","193,220","196,730","200,915","203,172","208,723","215,840","217,207","217,657","215,353"
E07000172,"200,358","203,013","206,795","208,830","211,391","214,065","216,259","228,411","239,252","243,946","244,617","244,257","239,408"
E07000173,"205,208","206,128","207,255","209,499","212,234","213,608","216,711","222,812","234,050","241,496","244,578","248,235","244,189"
E07000174,"156,125","159,068","165,352","168,048","169,711","168,177","167,307","172,977","180,711","186,332","187,517","185,892","181,920"
E07000175,"213,393","217,619","218,474","218,344","222,480","219,693","221,708","235,229","249,383","260,944","262,579","259,390","255,304"
E07000176,"311,402","314,389","314,029","314,892","316,840","320,294","328,165","337,921","346,722","353,744","347,715","346,850","343,010"
E06000019,"264,738","265,223","266,331","268,947","271,868","273,229","279,686","296,869","306,504","317,494","314,513","311,599","311,051"
E06000020,"190,297","193,193","193,457","196,458","199,269","199,015","204,236","212,736","219,003","227,502","228,592","227,551","226,212"
E06000021,"131,605","133,313","133,137","134,415","136,198","135,470","136,834","139,658","142,591","146,599","148,411","148,011","147,751"
E06000051,"248,364","250,531","248,349","251,340","253,764","253,923","259,039","265,463","280,126","290,273","291,589","294,590","291,280"
E07000192,"185,669","188,117","188,980","188,909","189,637","191,674","198,050","205,976","212,565","217,371","216,481","213,125","212,676"
E07000193,"213,913","216,644","216,270","220,381","222,680","224,759","234,170","246,636","254,543","260,703","255,844","251,424","245,943"
E07000194,"284,808","286,308","290,144","293,066","291,703","294,266","299,038","311,999","324,037","336,077","331,754","336,291","338,802"
E07000195,"169,791","170,999","172,400","168,248","172,851","174,043","175,107","186,207","192,859","197,554","200,927","200,271","199,228"
E07000196,"246,654","252,336","255,832","260,994","266,596","266,688","268,907","281,067","294,257","307,048","306,718","304,488","301,398"
E07000197,"233,050","235,072","238,651","240,228","238,531","238,214","238,848","247,472","258,894","266,560","266,857","261,709","260,409"
E07000198,"190,680","192,389","195,997","197,395","199,746","201,729","205,804","216,246","229,388","235,353","235,403","234,113","229,449"
E07000199,"213,977","215,940","218,455","225,049","227,422","227,710","231,372","230,544","239,234","239,692","237,071","236,609","230,142"
E07000218,"236,501","240,124","236,496","233,178","234,538","234,671","247,926","258,844","270,802","279,698","277,787","273,403","271,199"
E07000219,"199,174","200,149","199,916","202,258","202,836","203,086","205,610","207,296","214,254","219,129","221,415","222,092","221,249"
E07000220,"272,188","276,652","272,124","274,213","273,255","268,502","274,542","278,414","291,240","300,188","299,543","298,213","293,324"
E07000221,"371,684","369,308","368,749","371,178","372,805","375,307","383,467","393,449","411,858","418,648","412,330","418,077","408,565"
E07000222,"366,413","365,663","366,744","359,185","361,786","362,407","364,444","378,544","390,146","391,625","385,786","382,765","377,002"
E07000234,"326,130","326,027","329,525","327,459","329,670","328,023","326,753","344,601","353,615","365,224","364,405","361,378","357,514"
E07000235,"312,970","322,369","324,076","320,015","320,639","315,769","315,094","333,979","346,909","358,688","358,520","357,287","358,410"
E07000236,"225,198","228,019","231,216","232,053","233,232","231,869","234,625","239,234","251,063","257,027","255,876","254,400","253,297"
E07000237,"222,090","225,975","224,738","228,189","228,645","227,579","232,462","234,957","244,459","250,016","247,650","247,721","245,355"
E07000238,"303,020","309,405","304,342","306,007","308,462","306,219","316,324","329,026","343,330","353,850","352,372","355,488","349,068"
E07000239,"212,494","212,722","214,917","211,649","215,673","217,354","224,290","235,695","243,581","249,327","248,311","247,070","244,972"
E08000025,"213,444","214,388","214,843","213,963","215,975","217,770","220,599","230,274","242,134","250,291","251,050","252,239","249,485"
E08000026,"200,353","201,114","202,751","202,600","204,151","205,389","205,948","210,664","218,472","223,678","226,360","227,539","227,278"
E08000027,"183,185","183,653","187,996","191,589","194,260","197,053","198,959","205,990","217,181","222,576","224,056","223,775","221,718"
E08000028,"161,510","161,449","162,572","162,385","162,884","164,097","163,885","168,479","174,709","180,584","185,166","187,643","190,574"
E08000029,"322,818","319,993","322,599","325,247","328,651","329,278","336,756","349,524","367,029","379,623","374,368","374,113","368,903"
E08000030,"185,456","184,230","183,549","185,113","184,740","185,712","187,413","193,250","205,678","215,635","219,959","219,044","215,605"
E08000031,"167,096","166,679","166,571","167,353","170,223","172,914","176,823","184,354","194,817","200,193","201,823","203,614","199,958"
E06000031,"209,884","212,409","214,421","219,759","222,951","225,973","228,022","231,274","241,072","247,501","248,284","247,892","245,288"
E06000032,"256,719","252,191","251,924","252,249","255,307","259,080","261,908","271,195","276,730","287,192","286,479","286,543","288,575"
E06000033,"321,169","325,007","325,696","323,437","324,575","329,453","329,719","340,269","358,019","366,002","365,331","366,889","364,651"
E06000034,"297,854","298,013","295,750","292,005","293,715","294,186","300,974","312,775","322,285","333,533","334,661","333,376","334,311"
E06000055,"309,367","312,488","310,060","310,949","313,980","310,312","314,178","319,125","333,853","343,890","348,931","349,418","342,766"
E06000056,"338,857","340,634","340,495","342,410","341,872","341,483","348,619","352,660","363,908","369,477","367,195","366,716","361,035"
E07000008,"527,152","523,880","518,278","517,219","514,480","504,871","522,597","520,207","533,926","543,995","547,815","552,462","557,737"
E07000009,"317,447","316,228","320,212","328,613","324,733","325,493","327,834","336,631","346,824","356,278","355,003","353,491","354,332"
E07000010,"207,202","208,414","209,935","211,700","213,561","213,271","216,597","225,640","233,273","238,511","238,536","239,123","238,414"
E07000011,"296,480","299,790","300,356","304,838","307,641","305,240","310,050","316,208","326,700","333,947","329,632","327,822","323,477"
E07000012,"409,575","406,488","413,047","418,118","419,794","427,375","432,104","436,868","450,033","453,407","448,352","451,313","450,969"
E07000066,"338,228","337,348","339,797","339,127","338,260","338,151","342,898","359,163","376,238","385,131","382,440","378,084","377,724"
E07000067,"313,716","316,931","316,749","315,748","316,772","315,407","321,247","334,995","346,782","351,822","350,341","349,500","348,339"
E07000068,"502,378","497,955","489,445","494,315","495,366","509,984","531,517","560,421","590,914","589,105","582,470","578,840","569,243"
E07000069,"319,518","320,123","322,726","321,958","324,965","324,933","324,573","338,403","349,184","358,600","360,709","360,013","366,103"
E07000070,"390,712","395,362","400,569","394,321","400,001","402,573","399,344","421,557","428,079","433,011","429,789","429,320","426,686"
E07000071,"292,909","293,466","294,904","291,726","294,993","295,291","299,556","313,715","330,170","337,465","338,010","337,220","330,760"
E07000072,"549,661","549,549","546,532","553,999","544,423","549,442","565,490","564,538","582,475","589,633","589,050","602,900","600,423"
E07000073,"300,041","307,352","310,564","310,254","311,870","307,937","309,617","320,753","331,813","333,373","332,127","327,499","322,847"
E07000074,"372,947","374,011","367,450","364,697","361,937","362,753","362,123","372,847","389,778","395,575","404,071","410,394","415,965"
E07000075,"369,305","365,624","367,663","366,202","368,043","369,279","373,057","388,927","404,905","410,837","410,908","411,973","407,288"
E07000076,"253,920","258,946","260,917","261,218","260,123","258,551","261,464","272,153","284,783","292,011","290,456","287,655","282,655"
E07000077,"464,200","462,990","463,933","460,986","460,615","459,213","466,024","485,465","501,277","503,122","505,272","504,437","507,111"
E07000095,"386,777","389,783","383,245","390,425","396,206","393,956","403,181","414,257","425,219","431,085","430,844","424,184","421,779"
E07000096,"450,506","446,635","449,846","450,905","461,426","465,156","471,581","489,431","499,010","508,470","510,131","509,167","506,083"
E07000098,"544,437","532,916","535,008","527,003","522,649","531,262","561,123","590,764","629,805","633,283","632,980","640,167","629,537"
E07000099,"394,796","395,745","405,259","407,200","413,784","420,359","420,940","445,727","453,364","449,810","448,156","439,362","439,770"
E07000102,"579,529","557,758","552,190","551,700","546,290","560,033","571,873","580,283","601,067","613,226","609,813","623,015","636,553"
E07000103,"409,132","406,057","404,075","407,359","402,721","403,706","413,752","418,254","432,164","437,373","437,665","436,093","441,760"
E07000143,"245,223","244,044","243,433","244,855","246,979","248,760","255,884","268,214","282,569","289,620","288,513","288,985","286,517"
E07000144,"275,486","278,548","281,159","277,891","277,804","277,155","279,265","291,934","303,135","309,300","310,137","313,382","314,848"
E07000145,"192,370","193,709","195,461","195,001","195,081","196,543","199,644","206,483","216,009","225,152","226,782","226,938","226,229"
E07000146,"247,956","251,583","253,036","255,872","257,492","258,854","265,279","280,918","294,133","300,400","296,206","291,723","288,404"
E07000147,"281,684","286,383","284,814","292,293","294,123","293,509","300,652","315,724","329,394","340,317","337,722","337,040","335,218"
E07000148,"222,573","222,878","223,903","227,748","228,971","230,866","232,752","242,453","248,584","257,186","260,723","257,545","256,463"
E07000149,"284,070","284,866","286,912","284,021","284,718","284,968","291,101","302,042","317,480","326,561","325,827","330,092","324,951"
E07000200,"316,605","317,391","319,710","325,472","325,070","331,982","335,077","343,669","360,805","371,161","367,556","373,637","370,532"
E07000202,"217,015","218,657","219,252","222,171","217,566","218,314","219,898","223,873","237,728","246,515","249,006","248,911","245,751"
E07000203,"299,314","292,579","293,074","295,661","293,615","294,912","299,888","314,112","336,771","341,174","339,995","341,891","329,248"
E07000240,"609,429","611,299","608,070","622,890","616,266","606,089","623,633","630,159","657,415","668,003","670,433","687,445","695,906"
E07000241,"453,912","455,438","452,074","457,267","457,456","455,690","471,300","475,993","491,999","499,408","499,233","508,664","516,305"
E07000242,"457,967","466,088","465,632","469,237","472,203","469,258","478,490","486,746","496,978","499,312","493,782","492,402","483,626"
E07000243,"285,635","285,914","290,804","290,047","289,503","292,291","293,075","308,046","321,968","327,897","328,861","328,366","326,057"
E07000244,"275,801","275,895","275,033","275,446","277,493","278,429","285,638","304,985","318,720","327,843","329,039","327,510","326,479"
E07000245,"289,665","290,935","287,509","289,261","286,957","285,365","288,703","295,068","311,976","318,094","314,988","315,771","313,560"
E09000001,"1,310,906","1,239,970","1,194,013","1,084,810","1,111,127","1,174,443","1,241,196","1,163,126","1,056,898","961,463","920,417","925,802","944,371"
E09000002,"310,996","314,080","318,198","319,243","321,966","322,190","323,655","325,415","327,822","334,488","337,620","340,686","347,178"
E09000003,"614,649","617,680","620,921","624,054","638,807","662,099","677,276","688,768","697,683","702,028","708,652","727,917","735,801"
E09000004,"368,735","370,618","368,078","372,528","373,957","376,090","384,063","392,784","404,801","412,280","411,525","414,470","415,115"
E09000005,"587,180","583,975","583,465","584,816","574,740","582,515","596,316","617,492","634,024","631,210","634,187","638,929","653,278"
E09000006,"493,349","490,705","493,976","498,840","501,336","504,011","514,446","527,363","543,740","560,539","561,046","561,626","568,653"
E09000007,"1,106,049","1,115,835","1,127,852","1,158,898","1,150,959","1,139,072","1,136,359","1,148,261","1,186,438","1,156,832","1,158,192","1,174,715","1,160,177"
E09000008,"416,925","418,145","417,207","414,002","416,005","416,932","422,136","429,105","440,805","449,334","448,194","447,543","446,264"
E09000009,"564,689","567,742","567,551","565,705","561,028","563,295","577,678","601,777","623,443","629,195","630,343","636,573","648,262"
E09000010,"461,005","469,295","475,142","481,985","490,435","487,882","493,587","502,233","515,587","527,727","527,704","532,544","530,919"
E09000011,"478,417","482,718","492,428","498,990","498,732","502,610","490,565","500,822","505,561","509,656","510,135","505,475","504,889"
E09000012,"617,178","612,317","652,000","687,778","716,439","734,074","731,890","708,025","689,277","696,289","697,025","700,040","719,361"
E09000013,"969,221","962,853","951,186","960,152","978,986","995,958","1,017,129","993,335","978,704","966,443","981,786","1,009,350","1,027,597"
E09000014,"649,892","656,642","652,326","662,206","659,057","651,046","671,801","687,517","690,355","694,456","707,671","707,742","727,810"
E09000015,"504,411","502,544","495,601","494,656","499,506","498,259","514,335","529,582","557,816","572,706","579,920","590,148","590,544"
E09000016,"388,970","388,241","390,960","396,719","402,127","401,843","408,018","412,441","422,041","433,524","431,564","435,564","440,899"
E09000017,"448,827","450,535","442,113","451,428","453,038","453,612","463,382","470,452","485,614","494,468","497,172","499,732","501,664"
E09000018,"505,146","499,524","509,150","506,917","525,626","526,820","543,422","560,704","565,232","578,515","581,914","582,134","585,782"
E09000019,"738,778","739,602","746,012","749,080","771,913","783,780","803,814","809,789","830,632","812,476","816,768","840,538","841,554"
E09000020,"2,176,287","2,260,714","2,129,098","2,118,555","2,161,964","2,068,089","2,148,060","2,228,621","2,237,273","2,137,489","2,244,222","2,232,199","2,219,692"
E09000021,"566,633","558,248","564,920","567,353","589,535","596,945","604,662","626,158","625,134","627,339","632,520","636,197","645,331"
E09000022,"635,933","621,228","631,743","655,400","665,352","685,935","716,524","712,589","710,845","696,352","684,366","678,642","682,285"
E09000023,"464,612","467,518","472,273","474,078","479,209","480,910","486,649","505,349","521,913","523,411","525,588","521,573","514,581"
E09000024,"662,940","659,502","649,044","638,200","633,637","653,606","653,806","688,736","713,275","702,870","716,484","724,027","724,572"
E09000025,"436,356","431,394","439,524","441,523","436,388","435,464","431,167","440,008","449,695","451,945","450,599","444,803","440,029"
E09000026,"470,853","464,339","465,663","463,426","465,162","467,870","468,652","494,266","515,946","525,561","532,759","533,292","533,808"
E09000027,"810,523","827,030","823,124","822,188","826,526","827,464","857,045","887,758","898,080","897,488","915,001","933,250","958,036"
E09000028,"729,528","735,992","731,689","685,506","641,561","636,847","640,011","675,496","687,776","676,848","676,384","673,748","660,042"
E09000029,"420,059","421,618","422,678","424,098","428,629","424,228","426,972","445,660","462,760","472,336","472,601","473,954","473,072"
E09000030,"546,890","526,950","543,249","556,829","560,286","567,941","571,564","593,326","612,459","616,866","623,917","615,398","603,048"
E09000031,"458,748","460,998","460,013","464,832","467,927","470,922","477,588","491,862","511,454","519,717","525,296","526,249","524,637"
E09000032,"772,027","765,383","768,093","762,727","773,642","782,208","812,162","822,308","821,835","810,168","812,779","827,437","835,719"
E09000033,"1,711,616","1,803,330","1,794,181","1,874,556","1,911,075","1,881,315","1,946,574","1,795,537","1,737,288","1,553,551","1,499,542","1,575,342","1,548,332"
E06000035,"267,307","268,585","268,791","271,669","274,109","274,160","279,264","286,840","299,270","305,735","304,043","305,015","301,763"
E06000036,"392,280","402,783","401,755","402,732","399,266","394,484","404,840","415,548","425,165","431,879","426,792","429,900","431,597"
E06000037,"416,793","413,628","411,345","412,346","406,473","404,509","404,461","424,133","443,862","445,369","445,387","438,735","428,630"
E06000038,"345,365","347,901","347,610","350,488","345,781","339,877","340,641","341,813","355,003","361,826","364,121","365,129","364,126"
E06000039,"330,642","334,827","336,020","334,985","336,017","337,067","337,713","349,005","360,810","369,668","364,141","360,814","355,040"
E06000040,"589,828","583,411","584,625","580,432","591,190","604,916","615,247","628,262","658,886","654,417","649,999","666,328","662,748"
E06000041,"456,201","458,649","455,919","455,820","456,971","453,274","452,770","470,923","482,456","488,902","493,815","494,021","501,709"
E06000042,"311,457","312,349","310,792","313,091","316,299","312,654","323,326","334,406","345,903","349,205","345,364","340,658","334,036"
E06000043,"407,360","410,697","414,660","414,315","418,718","416,140","423,796","439,798","460,708","473,274","472,631","470,258","466,462"
E06000044,"236,231","236,852","236,477","236,789","239,171","241,382","246,345","253,929","261,657","267,171","267,824","266,169","266,401"
E06000045,"222,735","223,119","226,984","231,279","231,392","234,194","232,943","235,635","241,785","246,358","248,834","249,404","249,479"
E06000046,"241,334","242,885","241,839","245,486","245,858","246,641","255,059","274,360","291,949","301,026","302,043","300,495","298,020"
E06000060,"479,080","481,747","482,710","481,168","481,097","481,505","495,286","511,959","531,093","544,727","543,756","549,103","552,529"
E07000061,"264,578","264,046","266,341","273,189","274,933","274,832","278,290","283,347","295,334","304,920","308,375","305,672","304,184"
E07000062,"238,668","239,360","242,269","242,932","247,911","249,090","250,525","260,757","276,687","285,961","290,839","295,897","295,254"
E07000063,"367,200","362,091","366,791","375,198","372,978","369,737","371,455","387,075","407,651","422,527","434,735","436,178","442,937"
E07000064,"318,984","319,650","325,580","331,720","339,217","344,159","347,557","365,362","385,175","395,144","396,159","399,998","400,223"
E07000065,"383,136","382,393","373,241","372,487","376,449","382,611","397,107","422,997","444,904","450,363","451,852","453,967","445,835"
E07000084,"356,338","348,054","344,426","345,564","341,533","348,576","356,825","368,650","389,519","392,199","388,942","389,299","385,919"
E07000085,"425,301","427,303","426,518","430,483","428,922","424,208","433,033","456,333","493,983","500,385","496,261","495,322","480,508"
E07000086,"321,457","320,443","324,174","327,611","327,482","327,588","326,703","333,683","344,820","355,099","354,709","354,028","351,599"
E07000087,"318,861","318,661","322,948","323,404","323,582","323,545","332,841","345,457","359,406","361,703","361,588","365,254","365,092"
E07000088,"232,547","232,261","231,549","232,273","233,286","236,435","239,115","248,836","257,369","259,207","257,538","253,470","250,108"
E07000089,"446,529","436,439","439,206","450,824","453,045","462,422","482,931","491,210","500,029","502,616","492,768","494,528","496,456"
E07000090,"287,940","290,570","290,022","288,886","291,157","295,833","303,535","319,652","333,698","345,040","343,919","342,110","344,750"
E07000091,"386,199","382,564","385,518","386,932","397,985","402,570","410,197","439,790","447,571","454,245","453,944","449,725","454,630"
E07000092,"299,968","305,428","309,211","313,056","318,015","318,051","319,193","323,698","334,647","340,191","338,322","339,907","337,097"
E07000093,"351,974","350,260","354,611","359,327","362,269","366,891","375,474","385,440","399,048","405,462","402,902","408,977","417,063"
E07000094,"496,207","493,287","499,669","500,562","499,543","507,438","520,541","553,081","566,051","574,684","571,922","558,333","555,852"
E07000105,"328,162","326,238","326,862","327,917","335,483","337,496","342,648","362,133","368,602","371,749","371,225","367,607","366,416"
E07000106,"336,339","339,942","343,525","345,284","346,241","346,778","348,345","359,483","373,051","382,713","382,005","378,764","379,320"
E07000107,"327,490","326,844","330,283","335,946","338,572","335,538","339,725","338,964","352,420","360,011","358,958","361,747","357,468"
E07000108,"276,123","276,295","277,492","275,263","277,076","278,333","283,546","299,204","316,624","323,494","324,686","324,778","323,549"
E07000109,"320,245","321,910","318,593","320,143","320,930","325,578","331,235","341,390","350,813","360,777","362,780","363,846","368,376"
E07000110,"342,103","340,590","340,142","341,449","342,891","344,811","348,271","357,155","370,924","379,547","380,377","379,771","378,914"
E07000111,"517,237","511,506","502,803","516,201","521,935","532,856","545,069","555,916","557,141","553,839","571,527","598,759","610,076"
E07000112,"281,089","283,668","287,878","287,539","292,186","295,969","300,955","317,589","328,594","337,116","335,993","338,383","342,084"
E07000113,"272,746","277,437","277,817","281,004","279,748","275,132","277,571","294,837","308,241","315,904","317,406","312,516","309,544"
E07000114,"260,338","258,194","264,268","265,704","268,158","273,140","273,806","285,609","306,065","316,353","320,261","319,630","318,519"
E07000115,"396,728","392,282","389,856","389,797","394,167","399,279","403,019","415,077","429,395","436,946","436,773","439,069","435,482"
E07000116,"473,242","465,958","468,372","470,095","474,308","475,713","486,420","500,718","522,972","530,933","524,561","525,811","519,317"
E07000177,"341,986","344,346","346,480","340,070","337,518","337,341","339,108","356,548","374,210","380,883","378,175","375,594","370,319"
E07000178,"512,525","503,768","494,682","498,174","514,471","520,464","527,208","557,024","559,647","565,325","585,141","567,446","564,287"
E07000179,"478,823","480,498","483,154","476,516","475,789","477,823","490,536","521,139","541,721","551,664","554,978","555,469","548,956"
E07000180,"391,237","388,892","392,358","388,478","389,422","393,397","399,375","413,254","429,166","439,240","436,530","438,111","434,157"
E07000181,"401,116","400,622","395,944","400,388","405,773","412,634","423,636","424,971","434,250","442,582","439,907","439,256","439,290"
E07000207,"769,003","779,644","776,789","781,202","774,256","774,371","807,763","823,880","842,618","845,301","859,828","881,819","902,042"
E07000208,"518,621","512,176","508,914","513,310","511,332","513,870","518,975","529,879","542,460","549,370","552,428","555,333","569,798"
E07000209,"549,060","545,537","543,085","545,821","544,005","552,694","553,749","578,923","600,758","604,110","606,893","605,477","604,524"
E07000210,"543,721","530,470","536,501","532,787","549,905","561,184","584,016","609,936","625,404","637,124","636,484","639,821","643,132"
E07000211,"482,189","480,340","480,297","479,299","483,166","490,515","497,481","520,162","537,091","538,531","539,835","539,378","540,756"
E07000212,"502,177","501,506","503,041","504,888","509,015","514,659","556,515","563,496","556,604","569,940","569,518","597,130","599,041"
E07000213,"408,470","406,218","408,820","411,869","414,060","413,024","423,498","438,368","449,464","457,403","447,118","441,679","437,535"
E07000214,"465,735","466,821","468,945","475,217","481,506","489,591","495,445","510,827","513,459","513,539","512,790","515,653","512,998"
E07000215,"502,637","501,946","514,371","514,849","519,490","521,265","538,916","564,657","572,009","574,515","566,985","573,458","582,221"
E07000216,"561,810","557,733","545,070","553,354","561,871","578,811","598,940","614,168","634,081","635,541","641,597","649,128","657,840"
E07000217,"473,456","477,043","482,401","482,599","482,606","479,788","480,453","502,596","530,673","538,569","532,815","535,197","527,720"
E07000223,"338,201","337,745","332,700","333,117","338,236","340,906","348,520","357,908","368,505","381,885","383,296","383,061","385,967"
E07000224,"323,679","326,312","322,146","322,766","325,592","321,832","331,465","348,130","371,481","383,675","378,185","379,492","372,014"
E07000225,"446,843","446,350","448,221","458,618","462,793","475,541","490,278","514,740","526,489","528,368","523,047","524,213","537,749"
E07000226,"310,857","308,336","308,478","303,696","304,180","304,658","310,504","319,486","332,055","334,589","332,889","330,800","328,689"
E07000227,"417,593","420,649","421,753","430,116","434,880","442,041","456,472","470,792","485,879","485,857","484,979","484,516","484,344"
E07000228,"419,561","429,972","432,314","431,264","428,476","420,153","420,899","438,481","454,126","465,199","464,261","465,966","468,475"
E07000229,"307,395","308,165","307,743","307,511","308,504","305,953","311,279","329,089","350,551","364,200","363,776","364,515","364,332"
E06000022,"400,677","401,825","402,437","410,228","407,361","410,369","421,956","430,029","449,859","457,859","457,402","462,453","468,368"
E06000023,"310,276","312,164","314,428","317,018","319,358","324,986","330,866","344,306","360,907","367,642","364,794","366,613","366,732"
E06000024,"295,507","297,349","300,766","301,283","302,981","304,117","303,472","317,248","336,086","345,979","344,713","341,812","335,875"
E06000025,"296,605","299,993","301,288","303,227","305,843","304,213","309,019","317,547","326,513","331,469","331,343","330,788","330,829"
E06000026,"197,884","198,388","199,720","200,675","201,879","202,231","205,044","208,977","215,138","219,940","221,208","219,696","219,030"
E06000027,"219,512","221,417","224,357","227,066","229,166","232,499","234,396","241,582","257,843","266,813","266,908","270,001","268,868"
E06000030,"249,249","250,361","248,704","248,919","250,051","246,645","250,797","255,723","264,262","267,352","266,168","263,298","260,648"
E06000052,"262,683","264,469","267,536","270,384","274,230","277,838","284,245","304,125","319,927","331,780","332,303","332,406","330,048"
E06000053,"357,538","382,238","365,864","344,868","338,500","343,421","332,421","416,355","412,727","418,593","445,870","392,477","396,533"
E06000054,"310,066","310,778","315,698","315,117","315,960","316,965","318,890","335,384","355,013","361,733","359,090","361,682","357,595"
E06000058,"330,356","332,265","332,069","334,836","333,378","331,555","340,406","361,697","383,196","396,750","392,932","389,735","384,855"
E06000059,"320,241","321,946","320,414","322,117","324,716","325,539","333,282","348,673","366,669","376,125","377,357","378,929","375,482"
E07000040,"320,067","318,543","319,953","319,736","319,085","322,829","327,998","342,056","358,535","364,093","362,852","364,080","362,923"
E07000041,"277,487","280,969","285,066","287,419","293,126","293,313","295,970","298,749","304,539","314,618","313,305","313,455","321,802"
E07000042,"265,618","267,657","266,921","265,454","269,151","269,622","277,113","289,130","302,240","312,712","312,542","319,903","321,713"
E07000043,"261,553","269,761","270,815","273,537","273,187","274,249","282,951","290,337","304,945","313,265","311,767","316,057","314,855"
E07000044,"367,073","369,935","365,762","369,857","372,846","372,723","391,839","415,969","435,257","447,553","436,915","441,901","439,987"
E07000045,"277,671","278,521","274,885","275,636","276,638","274,155","282,779","300,735","316,101","326,993","322,170","322,357","320,990"
E07000046,"239,863","239,472","244,352","246,846","249,912","251,811","255,108","270,230","284,549","295,303","296,257","299,709","297,376"
E07000047,"280,021","287,128","281,600","283,047","286,217","283,596","291,431","308,576","320,735","330,317","332,945","333,121","330,326"
E07000078,"331,655","332,319","335,509","335,015","337,711","337,839","339,904","359,119","372,451","386,184","386,768","381,143","377,696"
E07000079,"424,456","418,305","423,449","416,311","426,244","433,829","458,605","488,434","503,459","507,892","506,277","506,764","502,136"
E07000080,"254,171","254,891","255,399","255,427","258,449","261,230","268,267","288,109","306,308","313,468","315,582","308,796","303,120"
E07000081,"210,928","212,102","213,248","215,513","217,343","219,133","224,840","229,955","234,522","240,515","238,462","237,477","237,904"
E07000082,"310,093","311,385","313,518","312,182","319,400","320,069","320,997","347,839","363,292","372,757","375,203","375,153","374,795"
E07000083,"304,504","306,215","304,452","311,446","312,122","310,245","320,963","330,462","343,308","353,482","345,435","338,594","334,533"
E07000187,"305,847","305,526","305,864","303,182","304,613","308,200","314,686","334,799","346,553","356,673","353,070","348,926","345,897"
E07000188,"240,730","243,589","240,645","239,239","240,355","243,143","245,896","257,513","270,521","285,597","286,825","289,437","288,860"
E07000189,"252,487","256,685","257,719","262,347","265,429","267,455","270,615","285,213","305,623","313,059","312,092","311,213","303,900"
E07000246,"256,858","260,361","260,930","262,167","263,787","261,776","266,424","274,075","290,644","300,944","301,792","304,034","300,173"
W06000001,"193,183","191,897","198,103","196,020","200,706","206,102","211,825","223,335","233,020","235,459","240,369","246,414","251,543"
W06000002,"178,088","180,900","184,005","186,281","186,075","185,715","186,636","193,637","205,862","212,056","216,694","217,424","221,395"
W06000003,"182,930","186,121","188,933","190,915","191,810","191,395","196,048","208,091","213,065","222,170","225,870","226,592","228,544"
W06000004,"170,114","170,590","169,123","175,886","176,850","178,590","181,733","184,598","197,791","204,819","208,723","210,402","205,078"
W06000005,"183,572","186,427","186,871","186,350","188,201","187,676","190,412","197,539","205,373","209,669","209,677","210,649","210,537"
W06000006,"179,484","177,929","176,185","174,568","175,242","176,581","178,292","184,481","191,836","197,634","201,775","206,915","208,130"
W06000008,"200,251","205,292","205,827","203,557","203,846","201,776","204,762","216,649","225,630","231,913","235,840","241,405","246,082"
W06000009,"190,186","192,159","195,871","199,755","205,353","205,999","207,046","210,468","216,719","222,695","227,114","234,067","235,862"
W06000010,"159,491","161,828","162,577","163,853","165,346","164,727","164,499","173,549","183,700","190,056","195,293","198,620","199,640"
W06000011,"172,990","176,798","177,594","182,399","185,089","189,026","191,299","194,276","203,425","209,451","212,203","216,562","214,859"
W06000012,"127,087","129,865","130,985","136,195","139,149","138,971","140,151","145,540","147,457","152,548","152,540","153,489","154,361"
W06000013,"166,210","167,190","169,329","173,538","175,434","177,480","180,197","185,247","192,848","200,315","200,140","202,862","205,081"
W06000014,"253,210","255,980","256,705","256,651","259,114","261,535","265,161","276,474","291,840","298,646","302,373","308,162","309,228"
W06000015,"231,745","233,507","234,142","238,443","240,720","241,676","244,891","251,536","262,521","269,333","273,739","278,229","276,535"
W06000016,"129,255","130,369","129,729","131,527","132,290","132,742","134,232","140,249","147,590","154,913","156,396","158,691","159,085"
W06000018,"145,504","148,054","149,599","152,641","153,695","155,397","158,442","162,291","168,572","175,261","175,558","178,267","180,409"
W06000019,"103,607","106,197","107,022","108,681","107,897","106,583","107,203","112,737","117,896","123,723","124,830","124,610","128,913"
W06000020,"173,319","173,716","173,797","174,646","178,122","176,885","179,480","181,305","185,417","193,107","192,682","191,916","193,597"
W06000021,"281,795","284,838","286,802","289,196","291,366","291,929","295,329","309,739","319,823","328,523","333,822","334,016","339,812"
W06000022,"192,651","197,189","200,299","202,261","203,098","203,285","203,578","211,896","219,923","225,268","227,645","228,045","227,800"
W06000023,"206,508","205,705","203,056","201,696","203,358","205,904","209,023","220,544","232,255","237,226","240,417","245,231","244,394"
W06000024,"115,772","117,241","120,648","129,839","133,310","136,780","140,682","141,052","146,569","151,149","152,657","153,372","155,638"
,,,,,,,,,,,,,
,,,,,,,,,,,,,
,,,,,,,,,,,,,
,,,,,,,,,,,,,
,,,,,,,,,,,,,
,,,,,,,,,,,,,