﻿CityCode,CityName,OSMFileName
J01000007,Birmingham,west-midlands-latest.osm.pbf
J01000013,Bradford,west-yorkshire-latest.osm.pbf
J01000014,Brighton & Hove,west-sussex-latest.osm.pbf
J01000015,Bristol,bristol-gloucestershire-merged.pbf
J01000019,Cambridge,cambridgeshire-latest.osm.pbf
J01000021,Carlisle,cumbria-latest.osm.pbf
J01000028,Coventry,west-midlands-latest.osm.pbf
J01000031,Derby,derbyshire-latest.osm.pbf
J01000032,Doncaster,south-yorkshire-latest.osm.pbf
J01000035,Exeter,devon-latest.osm.pbf
J01000051,Leeds,west-yorkshire-latest.osm.pbf
J01000052,Leicester,leicestershire-latest.osm.pbf
J01000053,Lincoln,lincolnshire-latest.osm.pbf
J01000054,Liverpool,merseyside-latest.osm.pbf
J01000058,Manchester,greater-manchester-latest.osm.pbf
J01000062,Newcastle-upon-Tyne,tyne-and-wear-latest.osm.pbf
J01000066,Norwich,norfolk-latest.osm.pbf
J01000067,Nottingham,nottinghamshire-latest.osm.pbf
J01000070,Oxford,oxfordshire-latest.osm.pbf
J01000072,Plymouth,devon-latest.osm.pbf
J01000074,Portsmouth,hampshire-latest.osm.pbf
J01000075,Preston,lancashire-latest.osm.pbf
J01000080,Salford,greater-manchester-latest.osm.pbf
J01000082,Sheffield,south-yorkshire-latest.osm.pbf
J01000087,Southampton,hampshire-latest.osm.pbf
J01000088,Southend-on-Sea,essex-latest.osm.pbf
J01000095,Stoke on Trent,staffordshire-latest.osm.pbf
J01000096,Sunderland,tyne-and-wear-latest.osm.pbf
J01000112,York,north-yorkshire-latest.osm.pbf